{"name":"Cursos","identifier":"GJKYUVF2JV","description":null,"slotTypeValues":[{"sampleValue":{"value":"17"},"synonyms":[{"value":"Social Humanística 1"},{"value":"Social Humanistica 1"}]},{"sampleValue":{"value":"101"},"synonyms":[{"value":"Matemática Básica 1"},{"value":"Matematica Basica 1"}]},{"sampleValue":{"value":"69"},"synonyms":[{"value":"Técnica Complementaria 1 "},{"value":"Tecnica Complementaria 1"}]},{"sampleValue":{"value":"348"},"synonyms":[{"value":"Química General 1"},{"value":"Quimica General 1"}]},{"sampleValue":{"value":"19"},"synonyms":[{"value":"Social Humanistica 2"},{"value":"Social Humanística 2"}]},{"sampleValue":{"value":"103"},"synonyms":[{"value":"Matemática Básica 2"},{"value":"Matematica Basica 2"}]},{"sampleValue":{"value":"5"},"synonyms":[{"value":"Técnicas de Estudio e Investigación"},{"value":"Tecnicas de Estudio e Investigacion"}]},{"sampleValue":{"value":"147"},"synonyms":[{"value":"Física Básica"},{"value":"Fisica Basica"}]},{"sampleValue":{"value":"795"},"synonyms":[{"value":"Lógica de Sistemas "},{"value":"Logica de Sistemas "}]},{"sampleValue":{"value":"960"},"synonyms":[{"value":"Matemática para Computación 1"},{"value":"Matematica para Computacion 1"}]},{"sampleValue":{"value":"770"},"synonyms":[{"value":"Introducción a la Programación y Computación 1"},{"value":"Introduccion a la Programacion y Computacion 1"}]},{"sampleValue":{"value":"107"},"synonyms":[{"value":"Matemática Intermedia 1"},{"value":"Matematica Intermedia 1"}]},{"sampleValue":{"value":"150"},"synonyms":[{"value":"Física 1"},{"value":"Fisica 1"}]},{"sampleValue":{"value":"732"},"synonyms":[{"value":"Estadística 1"},{"value":"Estadistica 1"}]},{"sampleValue":{"value":"796"},"synonyms":[{"value":"Lenguajes Formales y de Programación"},{"value":"Lenguajes Formales y de Programacion"}]},{"sampleValue":{"value":"962"},"synonyms":[{"value":"Matematica para Computacion 2"},{"value":"Matemática para Computación 2"}]},{"sampleValue":{"value":"771"},"synonyms":[{"value":"Introducción a la Programación y Computación 2"},{"value":"Introduccion a la Programacion y Computacion 2"}]},{"sampleValue":{"value":"112"},"synonyms":[{"value":"Matemática Intermedia 2"},{"value":"Matematica Intermedia 2"}]},{"sampleValue":{"value":"114"},"synonyms":[{"value":"Matemática Intermedia 3"},{"value":"Matematica Intermedia 3"}]},{"sampleValue":{"value":"152"},"synonyms":[{"value":"Física 2"},{"value":"Fisica 2"}]},{"sampleValue":{"value":"2025"},"synonyms":[{"value":"Prácticas Iniciales"},{"value":"Practicas Iniciales"}]},{"sampleValue":{"value":"736"},"synonyms":[{"value":"Análisis Probabilístico"},{"value":"Analisis Probabilistico"}]},{"sampleValue":{"value":"777"},"synonyms":[{"value":"Organización de Lenguajes y Compiladores 1"},{"value":"Organizacion de Lenguajes y Compiladores 1"}]},{"sampleValue":{"value":"964"},"synonyms":[{"value":"Organización Computacional"},{"value":"Organizacion Computacional"}]},{"sampleValue":{"value":"772"},"synonyms":[{"value":"Estructura de Datos"}]},{"sampleValue":{"value":"116"},"synonyms":[{"value":"Matemática Aplicada 3"},{"value":"Matematica Aplicada 3"}]},{"sampleValue":{"value":"118"},"synonyms":[{"value":"Matemática Aplicada 1"},{"value":"Matematica Aplicada 1"}]},{"sampleValue":{"value":"722"},"synonyms":[{"value":"Teoría de Sistemas 1"},{"value":"Teoria de Sistemas 1"}]},{"sampleValue":{"value":"601"},"synonyms":[{"value":"Investigación de Operaciones I"},{"value":"Investigacion de Operaciones I"}]},{"sampleValue":{"value":"14"},"synonyms":[{"value":"Economía 1"},{"value":"Economia 1"}]},{"sampleValue":{"value":"781"},"synonyms":[{"value":"Organizacion de Lenguajes y Compiladores 2"},{"value":"Organización de Lenguajes y Compiladores 2"}]},{"sampleValue":{"value":"778"},"synonyms":[{"value":"Arquitectura de Computadores y Ensambladores 1"}]},{"sampleValue":{"value":"773"},"synonyms":[{"value":"Manejo e Implementación de Archivos"},{"value":"Manejo e Implementacion de Archivos"}]},{"sampleValue":{"value":"724"},"synonyms":[{"value":"Teoria de Sistemas 2"},{"value":"Teoría de Sistemas 2"}]},{"sampleValue":{"value":"603"},"synonyms":[{"value":"Investigación de Operaciones II"},{"value":"Investigación de Operaciones II"}]},{"sampleValue":{"value":"281"},"synonyms":[{"value":"Sistemas Operativos 1"}]},{"sampleValue":{"value":"779"},"synonyms":[{"value":"Arquitectura de Computadores y Ensambladores 2"}]},{"sampleValue":{"value":"970"},"synonyms":[{"value":"Redes de Computadoras 1"}]},{"sampleValue":{"value":"774"},"synonyms":[{"value":"Sistemas de Bases de Datos 1"}]},{"sampleValue":{"value":"2036"},"synonyms":[{"value":"Prácticas Intermedias"},{"value":"Practicas Intermedias"}]},{"sampleValue":{"value":"285"},"synonyms":[{"value":"Sistemas Operativos 2"}]},{"sampleValue":{"value":"975"},"synonyms":[{"value":"Redes de Computadoras 2"}]},{"sampleValue":{"value":"775"},"synonyms":[{"value":"Sistemas de Bases de Datos 2"}]},{"sampleValue":{"value":"283"},"synonyms":[{"value":"Análisis y Diseño de Sistemas 1"},{"value":"Analisis y Diseño de Sistemas 1"}]},{"sampleValue":{"value":"797"},"synonyms":[{"value":"Seminario de Sistemas 1"}]},{"sampleValue":{"value":"729"},"synonyms":[{"value":"Modelación y Simulación 1"},{"value":"Modelacion y Simulacion 1"}]},{"sampleValue":{"value":"786"},"synonyms":[{"value":"Sistemas Organizacionales y Gerenciales 1"}]},{"sampleValue":{"value":"972"},"synonyms":[{"value":"Inteligencia Artificial 1"}]},{"sampleValue":{"value":"785"},"synonyms":[{"value":"Analisis y Diseño de Sistemas 2"},{"value":"Análisis y Diseño de Sistemas 2"}]},{"sampleValue":{"value":"798"},"synonyms":[{"value":"Seminario de Sistemas 2"}]},{"sampleValue":{"value":"2009"},"synonyms":[{"value":"Práctica Final"},{"value":"Practica Final"},{"value":"Prácticas Finales"},{"value":"Practicas Finales"}]},{"sampleValue":{"value":"787"},"synonyms":[{"value":"Sistemas Organizacionales y Gerenciales 2"}]},{"sampleValue":{"value":"720"},"synonyms":[{"value":"Modelacion y Simulacion 2"},{"value":"Modelación y Simulación 2"}]},{"sampleValue":{"value":"780"},"synonyms":[{"value":"Software Avanzado"}]},{"sampleValue":{"value":"799"},"synonyms":[{"value":"Seminario de Investigación"},{"value":"Seminario de Investigacion"}]}],"parentSlotTypeSignature":null,"valueSelectionSetting":{"resolutionStrategy":"TOP_RESOLUTION","regexFilter":null}}