{"name":"TipoDuda","identifier":"XXITWHAICB","description":null,"slotTypeValues":[{"sampleValue":{"value":"Dudas"},"synonyms":[{"value":"Dudas Generales"},{"value":"dudas generales"},{"value":"3"}]},{"sampleValue":{"value":"Estudiante Nuevo"},"synonyms":[{"value":"estudiante nuevo"},{"value":"nuevo"},{"value":"Nuevo"},{"value":"1"}]},{"sampleValue":{"value":"Estudiante de Reingreso"},"synonyms":[{"value":"reingreso"},{"value":"estudiante de reingreso"},{"value":"2"}]}],"parentSlotTypeSignature":null,"valueSelectionSetting":{"resolutionStrategy":"TOP_RESOLUTION","regexFilter":null}}