{"name":"Lenguaje","identifier":"BGP0DXBBZK","description":null,"slotTypeValues":[{"sampleValue":{"value":"es"},"synonyms":[{"value":"español"},{"value":"Es"},{"value":"Español"}]},{"sampleValue":{"value":"en"},"synonyms":[{"value":"Inglés"},{"value":"Ingles"},{"value":"English"},{"value":"english"},{"value":"En"}]},{"sampleValue":{"value":"it"},"synonyms":[{"value":"Italian"},{"value":"Italiano"},{"value":"It"},{"value":"italiano"},{"value":"italian"}]},{"sampleValue":{"value":"fr"},"synonyms":[{"value":"Francés"},{"value":"Frances"},{"value":"frances"},{"value":"french"},{"value":"French"}]}],"parentSlotTypeSignature":null,"valueSelectionSetting":{"resolutionStrategy":"TOP_RESOLUTION","regexFilter":null}}