{"name":"Carrera","identifier":"IAWWG2EAOB","description":null,"slotTypeValues":[{"sampleValue":{"value":"9"},"synonyms":[{"value":"Sistemas"},{"value":"Ciencias y Sistemas"},{"value":"09"}]},{"sampleValue":{"value":"1"},"synonyms":[{"value":"Cívil"},{"value":"Civil"},{"value":"01"}]},{"sampleValue":{"value":"2"},"synonyms":[{"value":"Química"},{"value":"Quimica"},{"value":"02"}]},{"sampleValue":{"value":"5"},"synonyms":[{"value":"05"},{"value":"Industrial"}]},{"sampleValue":{"value":"4"},"synonyms":[{"value":"04"},{"value":"Eléctrica"},{"value":"Electrica"}]},{"sampleValue":{"value":"3"},"synonyms":[{"value":"03"},{"value":"Mecánica "},{"value":"Mecanica"}]},{"sampleValue":{"value":"6"},"synonyms":[{"value":"06"},{"value":"Mecánica Eléctrica"},{"value":"Mecanica Electrica"}]},{"sampleValue":{"value":"7"},"synonyms":[{"value":"07"},{"value":"Mecánica Industrial"},{"value":"Mecanica Industrial"}]},{"sampleValue":{"value":"13"},"synonyms":[{"value":"Electrónica"},{"value":"Electronica"}]},{"sampleValue":{"value":"35"},"synonyms":[{"value":"Ambiental"}]}],"parentSlotTypeSignature":null,"valueSelectionSetting":{"resolutionStrategy":"TOP_RESOLUTION","regexFilter":null}}