{"name":"Preguntas","identifier":"KULERJTCAJ","description":null,"slotTypeValues":[{"sampleValue":{"value":"Preguntas Frecuentes"},"synonyms":[{"value":"Duda"},{"value":"Dudas"},{"value":"Preguntas Frecuentes"},{"value":"duda"},{"value":"dudas"},{"value":"preguntas frecuentes"}]},{"sampleValue":{"value":"Horarios"},"synonyms":[{"value":"Horario"},{"value":"horarios"},{"value":"horario"}]},{"sampleValue":{"value":"Redes de Estudio"},"synonyms":[{"value":"Pénsum"},{"value":"Pensum"},{"value":"Redes"},{"value":"pénsum"},{"value":"redes de estudio"},{"value":"redes"},{"value":"pensum"}]},{"sampleValue":{"value":"Traductor"},"synonyms":[{"value":"traductor"},{"value":"Translate"},{"value":"translate"},{"value":"traduce"},{"value":"traduce"}]}],"parentSlotTypeSignature":null,"valueSelectionSetting":{"resolutionStrategy":"TOP_RESOLUTION","regexFilter":null}}