{"name":"Semestre","identifier":"SGGGTMEJ6U","description":null,"slotTypeValues":[{"sampleValue":{"value":"1"},"synonyms":[{"value":"Primero"},{"value":"1S"}]},{"sampleValue":{"value":"2"},"synonyms":[{"value":"Segundo"},{"value":"2S"}]},{"sampleValue":{"value":"3"},"synonyms":[{"value":"Tercero"},{"value":"3S"}]},{"sampleValue":{"value":"4"},"synonyms":[{"value":"Cuarto"},{"value":"4S"}]},{"sampleValue":{"value":"5"},"synonyms":[{"value":"Quinto"},{"value":"5S"}]},{"sampleValue":{"value":"6"},"synonyms":[{"value":"Sexto"},{"value":"6S"}]},{"sampleValue":{"value":"7"},"synonyms":[{"value":"Septimo"},{"value":"7S"}]},{"sampleValue":{"value":"8"},"synonyms":[{"value":"8S"}]},{"sampleValue":{"value":"9"},"synonyms":[{"value":"9S"}]},{"sampleValue":{"value":"10"},"synonyms":[{"value":"10S"}]},{"sampleValue":{"value":"11"},"synonyms":[{"value":"11S"}]},{"sampleValue":{"value":"12"},"synonyms":[{"value":"12S"}]}],"parentSlotTypeSignature":null,"valueSelectionSetting":{"resolutionStrategy":"TOP_RESOLUTION","regexFilter":null}}